Month,SD0,L,M,S	
0,3.3,0.3487,3.3464,0.14602	
1,4.5,0.2297,4.4709,0.13395	
2,5.6,0.1970,5.5675,0.12385	
3,6.4,0.1738,6.3762,0.11727	
4,7.0,0.1553,7.0023,0.11316	
5,7.5,0.1395,7.5105,0.11080	
6,7.9,0.1257,7.9340,0.10958	
7,8.3,0.1134,8.2970,0.10902		
8,8.6,0.1021,8.6151,0.10882	
9,8.9,0.0917,8.9014,0.10881	
10,9.2,0.0820,9.1649,0.10891	
11,9.4,0.0730,9.4122,0.10906	
12,9.6,0.0644,9.6479,0.10925