Month,SD0,L,M,S		
0,3.2,0.3809,3.2322,0.14171		
1,4.2,0.1714,4.1873,0.13724		
2,5.1,0.0962,5.1282,0.13000		
3,5.8,0.0402,5.8458,0.12619		
4,6.4,-0.0050,6.4237,0.12402		
5,6.9,-0.0430,6.8985,0.12274	
6,7.3,-0.0756,7.2970,0.12204	
7,7.6,-0.1039,7.6422,0.12178	
8,7.9,-0.1288,7.9487,0.12181		
9,8.2,-0.1507,8.2254,0.12199		
10,8.5,-0.1700,8.4800,0.12223	
11,8.7,-0.1872,8.7192,0.12247			
12,8.9,-0.2024,8.9481,0.12268